group,component,mae,rmse,mean_error,std_error
quaternion,q_w,0.0014566044555976987,0.004034996964037418,-2.091085843858309e-05,0.004034942947328091
quaternion,q_x,0.003851950401440263,0.009031824767589569,2.8880196623504162e-05,0.009031778201460838
quaternion,q_y,0.0038954769261181355,0.010803461074829102,2.4404487703577615e-05,0.010803434066474438
quaternion,q_z,0.002653161296620965,0.04200596734881401,-0.0006574617000296712,0.042000822722911835
omega,omega_x,0.03865763917565346,0.048992354422807693,0.000322613341268152,0.04899129271507263
omega,omega_y,0.032392051070928574,0.04117443785071373,0.0005718153552152216,0.04117046669125557
omega,omega_z,0.03720179572701454,0.04778734967112541,0.008374308235943317,0.04704786837100983
trajectory,quaternion_angle_deg,0.7612505555152893,1.0182205438613892,0.7612505555152893,0.6762179732322693
